place_name,AOV
Mártély,63850.41000000001
Kerkabarabás,55858.34
Bár,51314.950000000004
Potyond,47370.08
Révfülöp,46551.21000000001
Nézsa,43559.049999999996
Vonyarcvashegy,43283.46
Gara,43165.12500000001
Érpatak,42874.015
Velem,42834.65
Mezőnagymihály,42007.88
Egerszalók,41921.26
Oszkó,41787.39
Felgyő,40606.31000000001
Somoskőújfalu,40173.23
Naszály,38251.99
Dávod,37133.880000000005
Bag,36996.0746
Váncsod,36480.31
Agyagosszergény,35779.53
